#{"t_start": 1703840839.9341729, "env_id": "None"}
r,l,t
-0.006,6,0.460034
-0.006,6,0.470136
-0.006,6,0.47945
-0.006,6,0.488473
-0.006,6,0.49727
-0.006,6,0.524253
-0.006,6,0.533505
-0.006,6,0.542679
-0.006,6,0.551573
-0.006,6,0.560309
0.995,8,0.570988
-0.006,6,0.57875
0.995,8,0.588611
-0.006,6,0.596243
0.995,8,0.60571
-0.006,6,0.613213
-0.006,6,0.620794
-0.006,6,0.630763
-0.006,6,0.639836
-0.006,6,0.648036
-0.006,6,0.655619
0.995,8,0.666354
0.995,8,0.676268
0.995,8,0.685685
-0.006,6,0.693886
-0.006,6,0.701459
-0.006,6,0.709508
-0.006,6,0.716965
-0.006,6,0.724914
-0.006,6,0.732603
0.995,8,0.742502
-0.006,6,0.749846
-0.006,6,0.757798
-0.006,6,0.766112
-0.006,6,0.773773
-0.006,6,0.781507
-0.006,6,0.789303
-0.006,6,0.796847
-0.006,6,0.804393
-0.006,6,0.811901
0.995,8,0.821452
-0.006,6,0.828977
0.995,8,0.838449
0.995,8,0.847956
-0.006,6,0.855501
-0.006,6,0.862788
-0.006,6,0.870011
0.995,8,0.8793
-0.006,6,0.886446
-0.006,6,0.893697
-0.006,6,0.900971
0.995,8,0.910006
0.995,8,0.919162
0.995,8,0.928204
-0.006,6,0.935629
0.995,8,0.944792
-0.006,6,0.951938
0.995,8,0.961048
-0.006,6,0.96813
0.995,8,0.976963
-0.006,6,0.983999
-0.006,6,0.99119
0.995,8,1.000581
-0.006,6,1.007766
0.995,8,1.017068
-0.006,6,1.024803
-0.006,6,1.032251
-0.006,6,1.039871
-0.006,6,1.047554
-0.006,6,1.054806
-0.006,6,1.062856
-0.006,6,1.070349
-0.006,6,1.078159
-0.006,6,1.085727
0.995,8,1.095571
-0.006,6,1.103075
-0.006,6,1.110546
-0.006,6,1.117812
-0.006,6,1.125108
-0.006,6,1.135884
-0.006,6,1.143726
-0.006,6,1.15167
0.995,8,1.161181
-0.006,6,1.168899
0.995,8,1.17918
-0.006,6,1.187301
-0.006,6,1.195159
-0.006,6,1.202728
0.995,8,1.212695
0.995,8,1.223869
-0.006,6,1.231834
-0.006,6,1.240496
-0.006,6,1.248268
-0.006,6,1.255808
-0.006,6,1.263449
-0.006,6,1.270825
-0.006,6,1.278492
-0.006,6,1.286175
-0.006,6,1.293698
-0.006,6,1.301221
-0.006,6,1.308747
-0.006,6,1.316309
-0.006,6,1.323944
-0.006,6,1.331839
0.995,8,1.341518
-0.006,6,1.349125
0.995,8,1.358584
-0.006,6,1.366018
-0.006,6,1.373366
-0.006,6,1.380727
-0.006,6,1.388301
-0.006,6,1.395744
-0.006,6,1.403206
-0.006,6,1.410452
-0.006,6,1.417612
0.995,8,1.426753
-0.006,6,1.433938
-0.006,6,1.441228
-0.006,6,1.448868
-0.006,6,1.456339
-0.006,6,1.463612
-0.006,6,1.470878
-0.006,6,1.478318
0.995,8,1.487636
-0.006,6,1.494975
-0.006,6,1.502558
-0.006,6,1.509929
-0.006,6,1.517803
-0.006,6,1.525754
-0.006,6,1.555484
-0.006,6,1.565022
-0.006,6,1.573888
0.995,8,1.584809
0.995,8,1.594897
0.995,8,1.604163
-0.006,6,1.612056
-0.006,6,1.619479
-0.006,6,1.628266
-0.006,6,1.638235
0.995,8,1.648488
-0.006,6,1.657246
-0.006,6,1.667018
-0.006,6,1.677214
-0.006,6,1.686018
-0.006,6,1.695047
-0.006,6,1.703145
-0.006,6,1.711478
-0.006,6,1.719071
-0.006,6,1.72682
-0.006,6,1.734409
0.995,8,1.744338
-0.006,6,1.751882
0.995,8,1.761589
-0.006,6,1.76956
-0.006,6,1.777188
-0.006,6,1.784746
-0.006,6,1.79224
0.995,8,1.801739
-0.006,6,1.809304
-0.006,6,1.816848
-0.006,6,1.824349
0.995,8,1.833993
-0.006,6,1.841694
-0.006,6,1.849325
-0.006,6,1.856923
-0.006,6,1.864325
-0.006,6,1.872097
-0.006,6,1.879373
-0.006,6,1.886653
0.995,8,1.895859
-0.006,6,1.903413
-0.006,6,1.910864
-0.006,6,1.91817
-0.006,6,1.925178
0.995,8,1.93424
-0.006,6,1.941315
0.995,8,1.950218
-0.006,6,1.957284
-0.006,6,1.964381
0.995,8,1.973304
-0.006,6,1.98033
-0.006,6,1.987309
-0.006,6,1.994411
-0.006,6,2.001421
-0.006,6,2.008904
-0.006,6,2.016714
0.995,8,2.026244
0.995,8,2.035968
0.995,8,2.04611
-0.006,6,2.053624
0.995,8,2.063676
-0.006,6,2.071373
-0.006,6,2.079202
-0.006,6,2.086721
-0.006,6,2.094976
-0.006,6,2.102431
0.995,8,2.112405
-0.006,6,2.119744
-0.006,6,2.127609
-0.006,6,2.137798
-0.006,6,2.145782
-0.006,6,2.15372
-0.006,6,2.161585
-0.006,6,2.169207
0.995,8,2.178843
-0.006,6,2.186922
0.995,8,2.196926
0.995,8,2.206549
-0.006,6,2.214263
-0.006,6,2.222547
0.995,8,2.233644
-0.006,6,2.243784
-0.006,6,2.252599
-0.006,6,2.261939
-0.006,6,2.271609
-0.006,6,2.280944
-0.006,6,2.290454
0.995,8,2.301325
-0.006,6,2.309663
-0.006,6,2.317561
-0.006,6,2.325359
0.995,8,2.334986
-0.006,6,2.343177
0.995,8,2.35337
0.995,8,2.362763
-0.006,6,2.369972
0.995,8,2.379056
0.995,8,2.388149
-0.006,6,2.395456
0.995,8,2.404551
-0.006,6,2.411771
-0.006,6,2.419129
-0.006,6,2.426513
-0.006,6,2.433707
-0.006,6,2.440908
0.995,8,2.450043
-0.006,6,2.457202
-0.006,6,2.464233
0.995,8,2.473556
-0.006,6,2.480574
-0.006,6,2.487731
-0.006,6,2.494814
-0.006,6,2.501934
0.995,8,2.511321
-0.006,6,2.518808
-0.006,6,2.526266
-0.006,6,2.534428
0.995,8,2.544171
0.995,8,2.55374
-0.006,6,2.562192
-0.006,6,2.569874
-0.006,6,2.598053
-0.006,6,2.606979
-0.006,6,2.615512
-0.006,6,2.623546
-0.006,6,2.632289
0.995,8,2.644506
-0.006,6,2.652778
-0.006,6,2.660886
-0.006,6,2.668493
-0.006,6,2.676467
-0.006,6,2.684124
-0.006,6,2.692043
-0.006,6,2.699708
-0.006,6,2.707529
-0.006,6,2.715338
-0.006,6,2.72303
-0.006,6,2.730689
-0.006,6,2.738247
0.995,8,2.748041
0.995,8,2.75801
-0.006,6,2.765477
-0.006,6,2.772909
0.995,8,2.782207
-0.006,6,2.78987
-0.006,6,2.797439
-0.006,6,2.804884
0.995,8,2.814329
-0.006,6,2.821787
-0.006,6,2.829083
-0.006,6,2.836279
-0.006,6,2.843655
-0.006,6,2.850844
0.995,8,2.859876
0.995,8,2.868844
-0.006,6,2.875843
-0.006,6,2.883014
-0.006,6,2.889995
-0.006,6,2.89715
-0.006,6,2.904272
-0.006,6,2.911266
0.995,8,2.920147
-0.006,6,2.927178
-0.006,6,2.93446
0.995,8,2.943676
-0.006,6,2.950732
-0.006,6,2.957697
-0.006,6,2.964704
0.995,8,2.973688
-0.006,6,2.980845
-0.006,6,2.987914
-0.006,6,2.99495
-0.006,6,3.002221
0.995,8,3.011529
-0.006,6,3.018743
0.995,8,3.027783
0.995,8,3.037775
-0.006,6,3.045253
-0.006,6,3.053059
-0.006,6,3.061516
-0.006,6,3.069136
-0.006,6,3.077391
-0.006,6,3.084864
-0.006,6,3.092937
0.995,8,3.102209
-0.006,6,3.11044
0.995,8,4.041308
0.995,8,4.051965
-0.006,6,4.060307
0.995,8,4.070146
0.995,8,4.080591
0.995,8,4.090523
0.995,8,4.100177
0.995,8,4.110245
-0.006,6,4.118123
0.995,8,4.128239
-0.006,6,4.137299
0.995,8,4.14951
-0.006,6,4.157527
-0.006,6,4.165088
0.995,8,4.174849
0.995,8,4.184515
0.995,8,4.194656
-0.006,6,4.202291
0.995,8,4.212648
0.995,8,4.222271
-0.006,6,4.229934
-0.006,6,4.237098
-0.006,6,4.246221
-0.006,6,4.253207
-0.006,6,4.260944
-0.006,6,4.268399
-0.006,6,4.276113
-0.006,6,4.283226
0.995,8,4.29207
-0.006,6,4.299069
0.995,8,4.307974
0.995,8,4.317079
-0.006,6,4.324094
-0.006,6,4.33131
-0.006,6,4.338321
-0.006,6,4.345415
0.995,8,4.354808
-0.006,6,4.361975
-0.006,6,4.369133
-0.006,6,4.376384
-0.006,6,4.38372
-0.006,6,4.391021
-0.006,6,4.398304
-0.006,6,4.405443
-0.006,6,4.41273
-0.006,6,4.420041
-0.006,6,4.42729
-0.006,6,4.434634
0.995,8,4.444026
0.995,8,4.453364
0.995,8,4.462426
-0.006,6,4.469597
-0.006,6,4.47682
0.995,8,4.485952
0.995,8,4.495137
-0.006,6,4.502473
0.995,8,4.511578
0.995,8,4.520761
-0.006,6,4.528512
-0.006,6,4.535802
-0.006,6,4.543082
-0.006,6,4.550956
-0.006,6,4.559002
0.995,8,4.568677
0.995,8,4.578567
-0.006,6,4.586021
0.995,8,4.596226
-0.006,6,4.60374
-0.006,6,4.61154
-0.006,6,4.619094
-0.006,6,4.627222
-0.006,6,4.635767
0.995,8,4.648076
-0.006,6,4.67696
-0.006,6,4.685671
-0.006,6,4.694659
-0.006,6,4.702713
0.995,8,4.712626
-0.006,6,4.720113
0.995,8,4.730017
-0.006,6,4.737406
-0.006,6,4.745338
0.995,8,4.755074
-0.006,6,4.762858
0.995,8,4.772279
-0.006,6,4.779621
0.995,8,4.788887
0.995,8,4.79814
0.995,8,4.807432
-0.006,6,4.814777
-0.006,6,4.822123
0.995,8,4.831481
-0.006,6,4.838892
0.995,8,4.848183
0.995,8,4.857513
0.995,8,4.866779
-0.006,6,4.873977
0.995,8,4.883094
-0.006,6,4.890405
0.995,8,4.89951
-0.006,6,4.906693
-0.006,6,4.913992
-0.006,6,4.921178
0.995,8,4.93039
-0.006,6,4.937536
0.995,8,4.946802
-0.006,6,4.954096
-0.006,6,4.96126
0.995,8,4.970232
-0.006,6,4.97741
-0.006,6,4.984491
-0.006,6,4.99153
-0.006,6,4.99862
0.995,8,5.007584
0.995,8,5.016868
-0.006,6,5.023852
0.995,8,5.033332
-0.006,6,5.040481
0.995,8,5.050292
-0.006,6,5.058609
-0.006,6,5.066272
0.995,8,5.07643
-0.006,6,5.084147
-0.006,6,5.092904
-0.006,6,5.100359
-0.006,6,5.108531
-0.006,6,5.116073
0.995,8,5.126131
0.995,8,5.135914
0.995,8,5.149574
0.995,8,5.159521
-0.006,6,5.167225
0.995,8,5.177039
-0.006,6,5.184702
0.995,8,5.194783
0.995,8,5.204311
0.995,8,5.214283
0.995,8,5.224095
0.995,8,5.233724
-0.006,6,5.241605
-0.006,6,5.249345
-0.006,6,5.257283
-0.006,6,5.264981
0.995,8,5.274569
0.995,8,5.284102
0.995,8,5.293406
-0.006,6,5.300604
-0.006,6,5.307803
-0.006,6,5.315098
0.995,8,5.324208
0.995,8,5.3333
-0.006,6,5.340472
-0.006,6,5.347655
-0.006,6,5.354999
-0.006,6,5.362018
-0.006,6,5.369038
0.995,8,5.377853
0.995,8,5.38678
-0.006,6,5.39386
-0.006,6,5.400854
-0.006,6,5.407854
-0.006,6,5.415026
-0.006,6,5.422051
-0.006,6,5.429297
-0.006,6,5.436323
0.995,8,5.445452
0.995,8,5.454344
-0.006,6,5.461291
-0.006,6,5.468315
0.995,8,5.477167
-0.006,6,5.484034
-0.006,6,5.491013
-0.006,6,5.498094
-0.006,6,5.504935
0.995,8,5.513765
0.995,8,5.522724
-0.006,6,5.530013
-0.006,6,5.536949
0.995,8,5.545804
-0.006,6,5.553508
-0.006,6,5.56177
-0.006,6,5.569435
0.995,8,5.579662
-0.006,6,5.586992
-0.006,6,5.597161
-0.006,6,5.604366
0.995,8,5.614135
-0.006,6,5.621594
-0.006,6,5.629472
-0.006,6,5.638086
0.995,8,5.652776
-0.006,6,5.660963
-0.006,6,5.668872
-0.006,6,5.677111
-0.006,6,5.684612
0.995,8,5.694267
-0.006,6,5.71775
-0.006,6,5.726842
-0.006,6,5.73536
0.995,8,5.745672
0.995,8,5.755315
0.995,8,5.765168
0.995,8,5.774907
-0.006,6,5.782414
0.995,8,5.791922
-0.006,6,5.799331
0.995,8,5.809125
-0.006,6,5.816679
0.995,8,5.826164
0.995,8,5.835638
-0.006,6,5.843118
-0.006,6,5.850606
0.995,8,5.860019
-0.006,6,5.867338
-0.006,6,5.874637
-0.006,6,5.881974
0.995,8,5.891302
-0.006,6,5.898581
0.995,8,5.907812
-0.006,6,5.915179
-0.006,6,5.922464
-0.006,6,5.929778
-0.006,6,5.938311
-0.006,6,5.945853
0.995,8,5.955109
0.995,8,5.964201
-0.006,6,5.971329
0.995,8,5.980482
0.995,8,5.990903
0.995,8,6.00008
0.995,8,6.009178
-0.006,6,6.016502
-0.006,6,6.023633
-0.006,6,6.030979
-0.006,6,6.038217
-0.006,6,6.046864
-0.006,6,6.054911
-0.006,6,6.062758
-0.006,6,6.070484
0.995,8,6.080186
-0.006,6,6.087767
0.995,8,6.098019
-0.006,6,6.105501
-0.006,6,6.113573
-0.006,6,6.121086
0.995,8,6.131196
0.995,8,6.144147
-0.006,6,6.152539
-0.006,6,6.160516
0.995,8,6.170784
-0.006,6,6.179978
-0.006,6,6.189249
-0.006,6,6.198574
0.995,8,6.210439
-0.006,6,6.21871
-0.006,6,6.22696
-0.006,6,6.234511
-0.006,6,6.242248
0.995,8,6.251606
0.995,8,6.261432
-0.006,6,6.268958
-0.006,6,6.276657
0.995,8,6.286295
-0.006,6,6.293908
-0.006,6,6.301375
-0.006,6,6.30883
-0.006,6,6.316296
-0.006,6,6.323751
0.995,8,6.333181
0.995,8,6.342585
-0.006,6,6.350047
-0.006,6,6.357396
-0.006,6,6.364769
-0.006,6,6.371859
-0.006,6,6.379012
-0.006,6,6.386325
0.995,8,6.395468
-0.006,6,6.402689
-0.006,6,6.409942
0.995,8,6.418965
0.995,8,6.428226
-0.006,6,6.435348
-0.006,6,6.442592
-0.006,6,6.449718
0.995,8,6.458806
0.995,8,6.469033
0.995,8,6.478031
0.995,8,6.486902
-0.006,6,6.493941
0.995,8,6.50296
0.995,8,6.511931
-0.006,6,6.518941
0.995,8,6.52794
-0.006,6,6.535231
0.995,8,6.544133
0.995,8,6.553617
-0.006,6,6.561518
-0.006,6,6.569445
0.995,8,6.579534
0.995,8,6.589033
-0.006,6,6.596962
-0.006,6,6.604461
0.995,8,7.524351
-0.006,6,7.531777
0.995,8,7.541225
-0.006,6,7.548808
0.995,8,7.559198
0.995,8,7.568843
0.995,8,7.579841
-0.006,6,7.588195
0.995,8,7.598785
-0.006,6,7.606724
0.995,8,7.617468
-0.006,6,7.626046
-0.006,6,7.634123
0.995,8,7.646391
0.995,8,7.660118
-0.006,6,7.668636
-0.006,6,7.677175
-0.006,6,7.684761
0.995,8,7.69542
0.995,8,7.705719
0.995,8,7.717156
0.995,8,7.730267
-0.006,6,7.738424
0.995,8,7.751271
-0.006,6,7.760842
-0.006,6,7.783823
0.995,8,7.795384
-0.006,6,7.804116
-0.006,6,7.813057
-0.006,6,7.820908
0.995,8,7.831425
0.995,8,7.841899
0.995,8,7.852102
0.995,8,7.862482
0.995,8,7.872508
0.995,8,7.882794
-0.006,6,7.891366
-0.006,6,7.8991
0.995,8,7.909436
-0.006,6,7.917565
0.995,8,7.927954
-0.006,6,7.936002
0.995,8,7.946245
-0.006,6,7.953687
0.995,8,7.963987
0.995,8,7.974138
-0.006,6,7.982407
0.995,8,7.992527
-0.006,6,7.999964
0.995,8,8.009808
0.995,8,8.019812
0.995,8,8.029301
-0.006,6,8.036815
0.995,8,8.046339
0.995,8,8.055826
0.995,8,8.065545
0.995,8,8.075306
0.995,8,8.08498
0.995,8,8.09493
0.995,8,8.104767
-0.006,6,8.112447
0.995,8,8.121973
0.995,8,8.131971
-0.006,6,8.139704
-0.006,6,8.149504
0.995,8,8.159435
0.995,8,8.169681
0.995,8,8.179579
-0.006,6,8.187193
0.995,8,8.197185
-0.006,6,8.204801
-0.006,6,8.212717
0.995,8,8.222663
-0.006,6,8.230481
-0.006,6,8.237951
0.995,8,8.247651
-0.006,6,8.255172
-0.006,6,8.26303
0.995,8,8.272834
0.995,8,8.282609
-0.006,6,8.290708
-0.006,6,8.298337
0.995,8,8.308088
0.995,8,8.317814
0.995,8,8.327522
-0.006,6,8.335002
0.995,8,8.344748
-0.006,6,8.352206
0.995,8,8.362076
-0.006,6,8.370086
-0.006,6,8.378424
0.995,8,8.387992
0.995,8,8.398446
0.995,8,8.408251
0.995,8,8.417987
-0.006,6,8.425889
-0.006,6,8.433497
-0.006,6,8.441155
0.995,8,8.45064
0.995,8,8.460302
-0.006,6,8.468168
0.995,8,8.477797
0.995,8,8.487392
0.995,8,8.497608
0.995,8,8.507469
-0.006,6,8.51529
-0.006,6,8.523136
-0.006,6,8.530779
0.995,8,8.54048
0.995,8,8.550331
-0.006,6,8.55815
-0.006,6,8.565868
-0.006,6,8.573874
0.995,8,8.583591
0.995,8,8.594199
0.995,8,8.603593
-0.006,6,8.61134
0.995,8,8.62086
0.995,8,8.630415
0.995,8,8.640307
-0.006,6,8.651856
-0.006,6,8.661445
0.995,8,8.672584
-0.006,6,8.681136
0.995,8,8.691208
0.995,8,8.701093
0.995,8,8.711079
0.995,8,8.720672
-0.006,6,8.728469
0.995,8,8.738261
0.995,8,8.748076
-0.006,6,8.755799
-0.006,6,8.763635
0.995,8,8.773196
-0.006,6,8.78088
-0.006,6,8.788561
-0.006,6,8.795954
-0.006,6,8.823889
-0.006,6,8.833143
0.995,8,8.843941
0.995,8,8.853973
-0.006,6,8.861416
-0.006,6,8.868623
0.995,8,8.877727
-0.006,6,8.884927
0.995,8,8.894293
0.995,8,8.903431
-0.006,6,8.910603
0.995,8,8.919678
-0.006,6,8.926862
-0.006,6,8.934091
0.995,8,8.943213
0.995,8,8.952298
0.995,8,8.961212
0.995,8,8.970175
0.995,8,8.978961
-0.006,6,8.985952
-0.006,6,8.992887
0.995,8,9.001928
0.995,8,9.010653
-0.006,6,9.017632
0.995,8,9.026426
0.995,8,9.035253
-0.006,6,9.042105
0.995,8,9.053482
0.995,8,9.062494
0.995,8,9.074329
-0.006,6,9.082097
-0.006,6,9.089744
0.995,8,9.099707
0.995,8,9.112005
0.995,8,9.122197
0.995,8,9.131897
-0.006,6,9.14169
-0.006,6,9.15294
-0.006,6,9.161474
-0.006,6,9.169588
0.995,8,9.179245
0.995,8,9.189405
-0.006,6,9.19747
0.995,8,9.207296
0.995,8,9.21689
0.995,8,9.226891
-0.006,6,9.235077
0.995,8,9.244898
0.995,8,9.254411
-0.006,6,9.262349
0.995,8,9.271874
0.995,8,9.281599
0.995,8,9.291824
-0.006,6,9.299243
0.995,8,9.30853
0.995,8,9.317839
0.995,8,9.327125
-0.006,6,9.334453
-0.006,6,9.341765
-0.006,6,9.349108
0.995,8,9.358324
-0.006,6,9.366832
0.995,8,9.376115
-0.006,6,9.38336
0.995,8,9.392498
-0.006,6,9.399657
-0.006,6,9.406834
0.995,8,9.415909
0.995,8,9.424949
-0.006,6,9.432193
0.995,8,9.441346
0.995,8,9.450396
-0.006,6,9.457535
0.995,8,9.466591
-0.006,6,9.473726
0.995,8,9.482935
0.995,8,9.491994
-0.006,6,9.49926
0.995,8,9.508335
0.995,8,9.517372
-0.006,6,9.524863
0.995,8,9.533978
0.995,8,9.54305
0.995,8,9.552377
0.995,8,9.562251
-0.006,6,9.570085
-0.006,6,9.578024
-0.006,6,9.58564
-0.006,6,9.593686
0.995,8,9.602798
0.995,8,9.613228
-0.006,6,9.620494
0.995,8,9.631617
0.995,8,9.641456
0.995,8,9.654548
-0.006,6,9.66215
0.995,8,9.672029
0.995,8,9.681805
-0.006,6,9.68955
-0.006,6,9.697799
-0.006,6,9.705414
0.995,8,9.715321
-0.006,6,9.723234
0.995,8,9.73338
0.995,8,9.743221
0.995,8,9.75298
0.995,8,9.762701
-0.006,6,9.770444
0.995,8,9.780699
0.995,8,9.790938
-0.006,6,9.798668
-0.006,6,9.806216
0.995,8,9.816027
0.995,8,9.826
0.995,8,9.835529
0.995,8,9.864968
-0.006,6,9.873754
-0.006,6,9.882422
0.995,8,9.8926
-0.006,6,9.899811
-0.006,6,9.907521
-0.006,6,9.915194
0.995,8,9.924507
0.995,8,9.93369
0.995,8,9.942778
-0.006,6,9.950026
0.995,8,9.959149
-0.006,6,9.966346
0.995,8,9.975516
0.995,8,9.984585
0.995,8,9.993828
0.995,8,10.003097
-0.006,6,10.010355
0.995,8,10.019955
0.995,8,10.029617
0.995,8,10.039341
0.995,8,10.049656
-0.006,6,10.059283
0.995,8,10.069375
0.995,8,10.080611
0.995,8,10.091037
0.995,8,10.10145
-0.006,6,10.109486
-0.006,6,10.117183
0.995,8,10.126854
0.995,8,10.136802
0.995,8,10.148863
-0.006,6,10.157767
0.995,8,11.070414
0.995,8,11.080889
0.995,8,11.090845
0.995,8,11.100658
0.995,8,11.110817
0.995,8,11.12046
0.995,8,11.130216
0.995,8,11.140481
-0.006,6,11.150745
0.995,8,11.161721
0.995,8,11.172004
0.995,8,11.182101
0.995,8,11.192167
0.995,8,11.201788
0.995,8,11.211578
0.995,8,11.221295
-0.006,6,11.229614
0.995,8,11.239493
0.995,8,11.249134
-0.006,6,11.256763
0.995,8,11.266281
0.995,8,11.276129
0.995,8,11.285376
0.995,8,11.294532
-0.006,6,11.301465
-0.006,6,11.308396
-0.006,6,11.315608
0.995,8,11.324307
0.995,8,11.333234
0.995,8,11.341994
0.995,8,11.351088
0.995,8,11.360161
0.995,8,11.369266
0.995,8,11.38058
-0.006,6,11.389643
0.995,8,11.399661
0.995,8,11.409701
0.995,8,11.4223
0.995,8,11.433747
-0.006,6,11.442346
0.995,8,11.453671
0.995,8,11.463897
0.995,8,11.473716
0.995,8,11.483642
0.995,8,11.493112
0.995,8,11.502997
0.995,8,11.512774
0.995,8,11.523267
0.995,8,11.533132
0.995,8,11.543714
0.995,8,11.553859
0.995,8,11.564524
0.995,8,11.575029
0.995,8,11.585713
0.995,8,11.596546
0.995,8,11.606926
0.995,8,11.617329
0.995,8,11.627171
0.995,8,11.636696
-0.006,6,11.644622
-0.006,6,11.653594
0.995,8,11.664149
0.995,8,11.689667
0.995,8,11.700754
0.995,8,11.710882
0.995,8,11.72028
0.995,8,11.730028
0.995,8,11.739703
0.995,8,11.749343
0.995,8,11.75919
0.995,8,11.768511
0.995,8,11.778239
-0.006,6,11.785702
0.995,8,11.795532
0.995,8,11.804991
0.995,8,11.814568
0.995,8,11.82363
0.995,8,11.832715
0.995,8,11.841812
0.995,8,11.851013
0.995,8,11.859967
0.995,8,11.868986
0.995,8,11.877849
0.995,8,11.886828
0.995,8,11.896023
-0.006,6,11.903276
0.995,8,11.91233
0.995,8,11.938003
0.995,8,11.948463
0.995,8,11.958235
-0.006,6,11.96538
0.995,8,11.974656
0.995,8,11.983655
-0.006,6,11.990769
0.995,8,11.999802
0.995,8,12.008878
-0.006,6,12.015966
0.995,8,12.025052
0.995,8,12.034042
-0.006,6,12.041214
-0.006,6,12.048319
-0.006,6,12.055851
0.995,8,12.065218
0.995,8,12.074081
0.995,8,12.084087
0.995,8,12.093848
0.995,8,12.103316
0.995,8,12.113878
-0.006,6,12.121655
0.995,8,12.132791
0.995,8,12.14325
-0.006,6,12.154646
0.995,8,12.165479
0.995,8,12.175475
0.995,8,12.18507
-0.006,6,12.192879
0.995,8,12.202421
-0.006,6,12.210053
0.995,8,12.219469
0.995,8,12.229564
0.995,8,12.239809
0.995,8,12.249481
0.995,8,12.259777
0.995,8,12.269864
0.995,8,12.279786
0.995,8,12.289871
0.995,8,12.299603
0.995,8,12.309515
0.995,8,12.319704
0.995,8,12.329653
0.995,8,12.339153
0.995,8,12.348425
0.995,8,12.357744
0.995,8,12.367038
0.995,8,12.376623
0.995,8,12.386116
-0.006,6,12.393688
-0.006,6,12.401679
0.995,8,12.411263
0.995,8,12.420727
0.995,8,12.430061
0.995,8,12.439495
-0.006,6,12.446856
0.995,8,12.456145
0.995,8,12.465406
-0.006,6,12.472741
0.995,8,12.482419
0.995,8,12.493069
0.995,8,12.502945
0.995,8,12.512194
-0.006,6,12.519512
-0.006,6,12.526923
0.995,8,12.536281
-0.006,6,12.543642
0.995,8,12.552881
0.995,8,12.563376
-0.006,6,12.570708
0.995,8,12.580026
0.995,8,12.590147
0.995,8,12.599837
0.995,8,12.609576
0.995,8,12.618878
0.995,8,12.628671
0.995,8,12.637984
-0.006,6,12.645883
0.995,8,12.660099
0.995,8,12.669705
0.995,8,12.67953
0.995,8,12.689185
-0.006,6,12.696981
0.995,8,12.706699
0.995,8,12.716194
0.995,8,12.72603
0.995,8,12.735495
0.995,8,12.7453
0.995,8,12.754647
0.995,8,12.76468
0.995,8,12.774116
0.995,8,12.783373
0.995,8,12.792788
0.995,8,12.80207
0.995,8,12.811147
-0.006,6,12.818325
0.995,8,12.827644
0.995,8,12.836867
0.995,8,12.846089
0.995,8,12.855305
0.995,8,12.864312
0.995,8,12.873324
0.995,8,12.882684
0.995,8,12.891757
0.995,8,12.900765
0.995,8,12.909913
0.995,8,12.918917
0.995,8,12.927945
0.995,8,12.93696
0.995,8,12.946257
0.995,8,12.977303
0.995,8,12.988644
0.995,8,12.999408
0.995,8,13.009401
0.995,8,13.018789
-0.006,6,13.026084
-0.006,6,13.033114
0.995,8,13.041744
0.995,8,13.050544
0.995,8,13.059978
0.995,8,13.069089
0.995,8,13.078019
0.995,8,13.087735
0.995,8,13.097891
0.995,8,13.108045
0.995,8,13.137341
0.995,8,13.160955
0.995,8,13.176095
0.995,8,13.198248
0.995,8,13.209522
0.995,8,13.220296
0.995,8,13.230868
0.995,8,13.240729
0.995,8,13.250348
0.995,8,13.260347
0.995,8,13.269562
-0.006,6,13.277105
0.995,8,13.286346
0.995,8,13.295734
0.995,8,13.30481
0.995,8,13.313925
0.995,8,13.322972
-0.006,6,13.330213
-0.006,6,13.337412
0.995,8,13.346426
0.995,8,13.355533
0.995,8,13.36468
0.995,8,13.373716
0.995,8,13.382817
0.995,8,13.391925
0.995,8,13.40109
0.995,8,13.410243
0.995,8,13.419363
0.995,8,13.428461
0.995,8,13.437556
0.995,8,13.446883
-0.006,6,13.454076
0.995,8,13.463127
0.995,8,13.472055
0.995,8,13.481076
0.995,8,13.490128
-0.006,6,13.497196
0.995,8,13.506157
0.995,8,13.515002
0.995,8,13.52415
0.995,8,13.533125
0.995,8,13.542076
0.995,8,13.551087
0.995,8,13.559992
0.995,8,13.569193
0.995,8,13.578316
0.995,8,13.587897
0.995,8,13.5981
0.995,8,13.608011
0.995,8,13.61715
0.995,8,13.627252
0.995,8,13.63673
0.995,8,13.646977
-0.006,6,13.65929
0.995,8,14.58102
0.995,8,14.591141
0.995,8,14.601589
0.995,8,14.612227
0.995,8,14.622352
0.995,8,14.632606
0.995,8,14.643017
0.995,8,14.654031
0.995,8,14.667725
-0.006,6,14.676242
-0.006,6,14.684546
0.995,8,14.695405
0.995,8,14.705205
0.995,8,14.715712
0.995,8,14.725937
0.995,8,14.736067
0.995,8,14.746254
0.995,8,14.756298
0.995,8,14.766541
0.995,8,14.778294
0.995,8,14.789128
0.995,8,14.799448
0.995,8,14.81014
0.995,8,14.821195
0.995,8,14.83268
0.995,8,14.842758
0.995,8,14.852288
0.995,8,14.86297
0.995,8,14.872815
0.995,8,14.882682
0.995,8,14.892743
0.995,8,14.902772
0.995,8,14.912661
0.995,8,14.922422
0.995,8,14.932385
0.995,8,14.941997
0.995,8,14.952061
0.995,8,14.962116
0.995,8,14.972114
-0.006,6,14.98012
0.995,8,14.990045
0.995,8,14.999937
0.995,8,15.009464
0.995,8,15.019419
-0.006,6,15.047433
0.995,8,15.058429
0.995,8,15.069352
0.995,8,15.079743
0.995,8,15.089759
0.995,8,15.099702
0.995,8,15.109864
0.995,8,15.120152
0.995,8,15.131195
0.995,8,15.141519
0.995,8,15.151704
0.995,8,15.164448
0.995,8,15.175312
0.995,8,15.185695
0.995,8,15.196106
0.995,8,15.206233
0.995,8,15.216462
0.995,8,15.226915
0.995,8,15.237067
0.995,8,15.247313
0.995,8,15.25709
0.995,8,15.26702
0.995,8,15.277329
0.995,8,15.287442
0.995,8,15.297452
0.995,8,15.307173
0.995,8,15.317171
-0.006,6,15.324526
0.995,8,15.334471
0.995,8,15.344388
0.995,8,15.354224
0.995,8,15.364045
0.995,8,15.373861
0.995,8,15.383871
0.995,8,15.39362
0.995,8,15.403315
0.995,8,15.413134
0.995,8,15.423052
0.995,8,15.432974
0.995,8,15.442811
0.995,8,15.452663
0.995,8,15.46264
0.995,8,15.47236
0.995,8,15.48191
0.995,8,15.491859
0.995,8,15.501699
0.995,8,15.511568
0.995,8,15.521679
0.995,8,15.531403
0.995,8,15.541858
-0.006,6,15.549378
0.995,8,15.559315
0.995,8,15.569176
0.995,8,15.578648
0.995,8,15.5886
0.995,8,15.598227
0.995,8,15.608225
0.995,8,15.617887
0.995,8,15.62777
0.995,8,15.637229
0.995,8,15.647089
0.995,8,15.658064
0.995,8,15.66868
0.995,8,15.678491
0.995,8,15.687975
0.995,8,15.697898
0.995,8,15.707539
0.995,8,15.717053
0.995,8,15.726762
0.995,8,15.736425
0.995,8,15.746222
0.995,8,15.755593
0.995,8,15.765468
0.995,8,15.775108
0.995,8,15.784668
0.995,8,15.794145
0.995,8,15.803402
0.995,8,15.812651
0.995,8,15.821973
0.995,8,15.831225
0.995,8,15.840458
0.995,8,15.849698
0.995,8,15.858836
0.995,8,15.867644
0.995,8,15.876514
0.995,8,15.88613
0.995,8,15.895126
0.995,8,15.904197
0.995,8,15.914658
0.995,8,15.925162
0.995,8,15.935523
0.995,8,15.945814
0.995,8,15.956114
0.995,8,15.965612
0.995,8,15.975742
0.995,8,15.986009
0.995,8,15.996113
0.995,8,16.006526
0.995,8,16.016583
0.995,8,16.025636
0.995,8,16.035861
0.995,8,16.045504
0.995,8,16.055241
0.995,8,16.089468
0.995,8,16.100638
0.995,8,16.111291
0.995,8,16.121308
0.995,8,16.130871
0.995,8,16.140751
0.995,8,16.150402
0.995,8,16.161153
0.995,8,16.17196
0.995,8,16.181962
0.995,8,16.191649
0.995,8,16.201205
0.995,8,16.210923
0.995,8,16.220598
0.995,8,16.230478
0.995,8,16.240189
0.995,8,16.250023
0.995,8,16.259781
0.995,8,16.26928
0.995,8,16.279049
0.995,8,16.288337
0.995,8,16.298103
0.995,8,16.307714
0.995,8,16.317312
0.995,8,16.326598
0.995,8,16.335895
0.995,8,16.345163
0.995,8,16.354427
0.995,8,16.363509
0.995,8,16.372539
0.995,8,16.381724
0.995,8,16.390869
0.995,8,16.400245
0.995,8,16.409669
0.995,8,16.419164
0.995,8,16.428727
0.995,8,16.438135
0.995,8,16.447557
0.995,8,16.456812
0.995,8,16.465805
0.995,8,16.47495
0.995,8,16.483923
0.995,8,16.493274
0.995,8,16.502156
0.995,8,16.511018
0.995,8,16.519863
0.995,8,16.528771
0.995,8,16.537614
0.995,8,16.546642
0.995,8,16.5556
0.995,8,16.564714
0.995,8,16.573575
0.995,8,16.582824
0.995,8,16.592182
0.995,8,16.601982
0.995,8,16.611486
0.995,8,16.620958
0.995,8,16.631143
0.995,8,16.640795
0.995,8,16.650522
0.995,8,16.66129
0.995,8,16.673522
0.995,8,16.683251
0.995,8,16.692985
0.995,8,16.702543
0.995,8,16.71389
0.995,8,16.72493
0.995,8,16.736555
0.995,8,16.749382
0.995,8,16.763012
0.995,8,16.775371
0.995,8,16.787848
0.995,8,16.800939
0.995,8,16.813628
0.995,8,16.825152
0.995,8,16.836653
0.995,8,16.848188
0.995,8,16.859588
0.995,8,16.870533
0.995,8,16.881343
0.995,8,16.892151
0.995,8,16.902677
0.995,8,16.91246
0.995,8,16.921731
0.995,8,16.930925
0.995,8,16.940169
0.995,8,16.949355
0.995,8,16.958416
0.995,8,16.967165
0.995,8,16.976261
0.995,8,16.985049
0.995,8,16.993808
0.995,8,17.002677
0.995,8,17.011612
0.995,8,17.020444
0.995,8,17.029191
0.995,8,17.038235
0.995,8,17.04706
0.995,8,17.056163
0.995,8,17.065074
0.995,8,17.074251
0.995,8,17.08315
0.995,8,17.093276
0.995,8,17.123486
0.995,8,17.134489
0.995,8,17.144832
0.995,8,17.154207
0.995,8,17.166578
0.995,8,17.177314
0.995,8,17.187006
0.995,8,17.196678
0.995,8,18.109828
